video_title,video_url,category,like_count,summary,comment_text
iPhone 17 Pro MagSafe Camera Grip & Battery - Telesin Master Grip Unboxing,https://www.youtube.com/watch?v=6w8cmbFoza4,Suggestion,0,è¦æ˜¯èƒ½ä¸ºiPhone 17 Proè®¾è®¡ä¸€æ¬¾MagSafeç›¸æœºæ‰‹æŸ„å°±å¤ªæ£’äº†ï¼å®ƒå¯ä»¥ç›´æ¥å¸é™„åœ¨æ‰‹æœºä¸Šï¼Œæå‡æ‹ç…§æ—¶çš„æ¡æŒæ„Ÿï¼Œæ‰‹æŸ„ä¸Šè¿˜é›†æˆäº†å˜ç„¦ã€åˆ‡æ¢æ¨¡å¼å’Œå¿«é—¨ç­‰å®ä½“æŒ‰é”®ï¼Œæ“ä½œèµ·æ¥ä¼šéå¸¸æ–¹ä¾¿ã€‚å¦‚æœå®ƒæœ¬èº«è¿˜èƒ½å½“ä½œå……ç”µå®ç»™æ‰‹æœºç»­èˆªï¼Œå†é…ä¸ŠTelesinçš„MagSafeè¡¥å…‰ç¯ï¼Œé‚£ç®€ç›´å°±æ˜¯ä¸€å¥—å®Œç¾çš„æ‘„å½±ç»„åˆï¼,"A MagSafe camera attachment for the iPhone 17 Pro! You don't have to use the case, but with this grip, it provides better handling while taking pictures and offers buttons for ease of access. Like zoom, switch modes, snap pics, etc. It's also a battery bank, allowing you to charge your phone simultaneously. Telesin also makes a MagSafe light which makes this the perfect combo!"
iPhone 17 Pro MagSafe Camera Grip & Battery - Telesin Master Grip Unboxing,https://www.youtube.com/watch?v=6w8cmbFoza4,Positive Feedback,0,è¿™ä¸ªè§†é¢‘å¾ˆæ£’ï¼Œéå¸¸å–œæ¬¢ï¼,Nice videoâ¤
iPhone 17 Pro vs Xiaomi 15 Ultra Video Zoom Test!,https://www.youtube.com/watch?v=IQQD_HDIgTs,Positive Feedback,2,æˆ‘æƒ³ï¼Œè°æ˜¯èµ¢å®¶ï¼Œå·²ç»ä¸€ç›®äº†ç„¶äº†ã€‚,I think we can all see the clear winner.
iPhone 17 Pro vs Xiaomi 15 Ultra Video Zoom Test!,https://www.youtube.com/watch?v=IQQD_HDIgTs,Negative Sentiment,1,ä»Šå¹´çš„iPhone 17 Proå’ŒMaxç›¸æœºè¡¨ç°å®åœ¨ä»¤äººå¤±æœ›ï¼Œæ‹å‡ºçš„ç…§ç‰‡å’Œè§†é¢‘ä¸ä»…æ¨¡ç³Šä¸æ¸…ï¼Œè‰²å½©ä¹Ÿæ˜¾å¾—ååˆ†å¯¡æ·¡ã€‚,iPhone 17 pro and max cameras are really bad this year. The image and video are very blurry and washed out
iPhone 17 Pro vs Xiaomi 15 Ultra Video Zoom Test!,https://www.youtube.com/watch?v=IQQD_HDIgTs,Positive Feedback,0,æ‚¨çš„ä¸€ç•ªè¯è®©æˆ‘å½»åº•å®‰å¿ƒäº†ï¼Œçœ‹æ¥æˆ‘é€‰æ‹©å…¥æ‰‹Ultraç‰ˆæœç„¶æ²¡é”™ã€‚ğŸ˜Š,"Ğ’Ñ‹ Ğ¼ĞµĞ½Ñ ÑƒÑĞ¿Ğ¾ĞºĞ¾Ğ¸Ğ»Ğ¸, Ñ Ğ½Ğµ Ğ¿Ñ€Ğ¾Ğ³Ğ°Ğ´Ğ°Ğ» Ñ‡Ñ‚Ğ¾  Ğ²Ğ·ÑĞ» ÑƒĞ»ÑŒÑ‚Ñ€Ğ° ğŸ˜Š"
iPhone 17 Pro vs Xiaomi 15 Ultra Video Zoom Test!,https://www.youtube.com/watch?v=IQQD_HDIgTs,Question,0,å“¦ï¼Ÿä½ ç¾åœ¨æ˜¯åœ¨è¶Šå—å—ï¼Ÿ,You're in Vietnam huh?
iPhone 17 Pro vs Xiaomi 15 Ultra Video Zoom Test!,https://www.youtube.com/watch?v=IQQD_HDIgTs,Positive Feedback,0,å°ç±³å°±æ˜¯æ°¸è¿œçš„ç¥ã€‚,xiaomi>>>>
iPhone 17 Pro vs Xiaomi 15 Ultra Camera Comparison,https://www.youtube.com/watch?v=9e5CfiQj3FQ,Positive Feedback,7,æˆ‘çš„å°ç±³15 Ultraæ‹ç…§æ›´å¼ºã€‚æˆ‘å·²ç»å’Œæœ‹å‹çš„iPhone 17 Pro Maxæ¯”è¿‡äº†ï¼Œæ— è®ºæ˜¯ç™½å¤©è¿˜æ˜¯æ™šä¸Šï¼Œæˆ‘çš„å°ç±³éƒ½å®Œèƒœã€‚å½“ç„¶ï¼Œå…·ä½“æ•ˆæœä¹Ÿå–å†³äºä½ å°ç±³15çš„åæœŸæ¨¡å¼æ€ä¹ˆè°ƒæ ¡ã€‚,"My Xiaomi 15 ultra takes better photos. I've already made a comparison against a friend of mine's iPhone 17 pro max and my Xiaomi surpassed it both day and night, but it depends on the post mode of your Xiaomi 15."
iPhone 17 Pro vs Xiaomi 15 Ultra Camera Comparison,https://www.youtube.com/watch?v=9e5CfiQj3FQ,Other,3,è¿™ä½ç”¨æˆ·åœ¨åˆ†äº«ä»–çš„è§‚å¯Ÿï¼šå°ç±³æ‰‹æœºçš„â€œé²œè‰³æ¨¡å¼â€åœ¨HDRå’ŒåŠ¨æ€èŒƒå›´ä¸Šè¡¨ç°å¾—æ›´ä¸ºçªå‡ºï¼Œå…¶äººåƒåŠŸèƒ½ä¸­çš„â€œå¤§å¸ˆæ¨¡å¼â€ä¹Ÿé‡‡ç”¨äº†ç›¸åŒçš„é£æ ¼ã€‚è€Œâ€œçœŸå®æ¨¡å¼â€çš„æˆåƒæ•ˆæœåˆ™æ›´è´´è¿‘ä¼ ç»Ÿç›¸æœºçš„è´¨æ„Ÿï¼Œä¸æ™®é€šæ‰‹æœºçš„é£æ ¼æœ‰æ‰€åŒºåˆ«ã€‚,"Vibrant mode on Xiaomi  has more aggressive HDR  and dynamic range, also Master mode in portrait is the same as vibrant.., Authentic is closer to camera style much more than a phone ..."
iPhone 17 Pro vs Xiaomi 15 Ultra Camera Comparison,https://www.youtube.com/watch?v=9e5CfiQj3FQ,Positive Feedback,2,åŸä¾†ä½ ä¾†éè¶Šå—ï¼,You were in Viá»‡t Nam. â¤
iPhone 17 Pro vs Xiaomi 15 Ultra Camera Comparison,https://www.youtube.com/watch?v=9e5CfiQj3FQ,Question,4,å¯ä»¥è·Ÿ vivo x300 pro å¯¹æ¯”ä¸€ä¸‹å—ï¼Ÿ,Can you compare with vivo x300 pro?
iPhone 17 Pro vs Xiaomi 15 Ultra Camera Comparison,https://www.youtube.com/watch?v=9e5CfiQj3FQ,Other,1,è€ƒè™‘åˆ°iPhoneçš„ç¡¬ä»¶å…¶å®è½åäº†ä¸¤ä¸‰ä»£ï¼Œå®ƒèƒ½æœ‰å¦‚æ­¤è¡¨ç°å·²ç»å¾ˆå‡ºè‰²äº†ã€‚å®ƒåœ¨äººåƒå’Œè‡ªæ‹ä¸Šä¼˜äºå°ç±³ï¼Œæ—¥å…‰ä¸‹åˆ™ä¸ç›¸ä¸Šä¸‹ã€‚å°ç±³çš„é•¿ç„¦è™½å¼ºï¼Œä½†æˆ‘æ€€ç–‘é™¤äº†å¶å°”ä¸ºä¹‹ï¼Œè¿™ä¸ªåŠŸèƒ½å¯¹å¤šæ•°äººå°¤å…¶æ˜¯åœ¨å¤œé—´çš„å®ç”¨æ€§ã€‚å†åŠ ä¸Šå°ç±³15 Ultraåœ¨è‹±å›½é«˜è¾¾1300è‹±é•‘çš„å”®ä»·ï¼Œé€‰æ‹©èµ·æ¥ç¡®å®ä¸æ˜“ã€‚ä½†å¯¹æˆ‘è¿™ä¸ªèº«å¤„è‹¹æœç”Ÿæ€çš„äººæ¥è¯´ï¼Œç­”æ¡ˆå°±ä¸è¨€è€Œå–»äº†ã€‚,"The iPhone held up very well when you realise its hardware is 2-3 generations behind. It beats the Xiaomi in portrait and selfies; they are very close in daylight. No doubt Xiaomi is better with telephoto, so if that is your thing, then Xiaomi is better, but I am unsure how many people really care about telephoto, especially at night, other than for that rare occasion (s). 

With the Xiaomi 15 Ultra at Â£1300, as usual, much higher for the UK version than the Chinese version, it is difficult to choose between the two. As I am in the Apple ecosystem, it is an easy choice."
Magnetic Flat Charging Cable that is Perfect for Travel!,https://www.youtube.com/watch?v=7a99Dv9QQks,Positive Feedback,0,æ‚¨çš„è§†é¢‘åšå¾—çœŸæ£’ï¼Œå¤ªèµäº†ï¼,Nice video sir ğŸ˜®ğŸ˜Š
Statik Cables and Semi-Solid MagSafe Power Bank Unboxing!,https://www.youtube.com/watch?v=2RGm8CRMpx4,Question,0,å¯¹è§†é¢‘é‡Œçš„è¿™æ¬¾çº¿å¾ˆæ„Ÿå…´è¶£ï¼Œæƒ³é—®ä¸‹å®ƒçš„å…·ä½“å‹å·å’Œè´­ä¹°æ¸ é“æ˜¯ä»€ä¹ˆï¼Ÿ,Ğ§Ñ‚Ğ¾ Ğ·Ğ° Ğ¼Ğ¾Ğ´ĞµĞ»ÑŒ ĞºĞ°Ğ±ĞµĞ»Ñ Ğ¸ Ğ³Ğ´Ğµ Ğ¼Ğ¾Ğ¶Ğ½Ğ¾ ĞºÑƒĞ¿Ğ¸Ñ‚ÑŒ???
